<?xml version="1.0" encoding="UTF-8"?>
<project-private xmlns="http://www.netbeans.org/ns/project-private/1">
    <editor-bookmarks xmlns="http://www.netbeans.org/ns/editor-bookmarks/2" lastBookmarkId="0"/>
    <open-files xmlns="http://www.netbeans.org/ns/projectui-open-files/2">
        <group>
            <file>file:/C:/Users/pc/OneDrive/Documentos/NetBeansProjects/RepreductorMusica/src/Clases/Main.java</file>
            <file>file:/C:/Users/pc/OneDrive/Documentos/NetBeansProjects/RepreductorMusica/src/Ventanas/Login.java</file>
            <file>file:/C:/Users/pc/OneDrive/Documentos/NetBeansProjects/RepreductorMusica/src/Ventanas/Pagina1.java</file>
            <file>file:/C:/Users/pc/OneDrive/Documentos/NetBeansProjects/RepreductorMusica/src/Logica/Lista.java</file>
            <file>file:/C:/Users/pc/OneDrive/Documentos/NetBeansProjects/RepreductorMusica/src/Logica/Nodo.java</file>
            <file>file:/C:/Users/pc/OneDrive/Documentos/NetBeansProjects/RepreductorMusica/src/Logica/Zplayer.java</file>
            <file>file:/C:/Users/pc/OneDrive/Documentos/NetBeansProjects/RepreductorMusica/src/Ventanas/Registro.java</file>
            <file>file:/C:/Users/pc/OneDrive/Documentos/NetBeansProjects/RepreductorMusica/src/Ventanas/Inicio.java</file>
        </group>
    </open-files>
</project-private>
